,Date,Team,Opponent,GoalScored,BallPossession,Attempts,OnTarget,OffTarget,Blocked,Corners,Offsides,FreeKicks,Saves,PassAccuracy,Passes,DistanceCovered,FoulsCommitted,YellowCard,YellowandRed,Red,ManoftheMatch,1stGoal,Round,PSO,GoalsinPSO,Owngoals,OwngoalTime
0,14/6/2018,Russia,Saudi Arabia,0.833333333,0.3,0.434782609,0.583333333,0.2,0.3,0.545454545,0.6,0.285714286,0,0.407407407,0.123417722,0.558823529,0.85,0,0,0,1,0.133333333,Group Stage,0,0,0,0
1,14/6/2018,Saudi Arabia,Russia,0,0.7,0.130434783,0,0.2,0.3,0.181818182,0.2,0.952380952,0.222222222,0.703703704,0.339662447,0.367647059,0.25,0,0,0,0,0,Group Stage,0,0,0,0
2,15/6/2018,Egypt,Uruguay,0,0.36,0.217391304,0.25,0.2,0.2,0,0.2,0.095238095,0.333333333,0.407407407,0.217299578,0.470588235,0.35,2,0,0,0,0,Group Stage,0,0,0,0
3,15/6/2018,Uruguay,Egypt,0.166666667,0.64,0.47826087,0.333333333,0.5,0.4,0.454545455,0.2,0.380952381,0.333333333,0.703703704,0.421940928,0.455882353,0.05,0,0,0,1,0.988888889,Group Stage,0,0,0,0
4,15/6/2018,Morocco,Iran,0,0.78,0.434782609,0.25,0.5,0.4,0.454545455,0,0.428571429,0.222222222,0.703703704,0.257383966,0.308823529,0.85,1,0,0,0,0,Group Stage,0,0,1,90
5,15/6/2018,Iran,Morocco,0.166666667,0.22,0.217391304,0.166666667,0.4,0.1,0.181818182,0,0.80952381,0.222222222,0.703703704,0.005274262,0.294117647,0.45,3,0,0,1,1,Group Stage,0,0,0,0
6,15/6/2018,Portugal,Spain,0.5,0.28,0.217391304,0.25,0.1,0.3,0.363636364,0.2,0.380952381,0.222222222,0.740740741,0.186708861,0.323529412,0.35,1,0,0,0,0.044444444,Group Stage,0,0,0,0
7,15/6/2018,Spain,Portugal,0.5,0.72,0.391304348,0.416666667,0.4,0.2,0.454545455,0.6,0.380952381,0,0.962962963,0.567510549,0.338235294,0.25,1,0,0,1,0.266666667,Group Stage,0,0,0,0
8,16/6/2018,France,Australia,0.333333333,0.52,0.391304348,0.416666667,0.3,0.3,0.454545455,0,0.666666667,0.111111111,0.740740741,0.311181435,0.338235294,0.55,1,0,0,1,0.644444444,Group Stage,0,0,0,0
9,16/6/2018,Australia,France,0.166666667,0.48,0.043478261,0.083333333,0.1,0.1,0.090909091,0,0.523809524,0.444444444,0.666666667,0.212025316,0.455882353,0.7,3,0,0,0,0.688888889,Group Stage,0,0,1,81
10,16/6/2018,Argentina,Iceland,0.166666667,0.94,1,0.583333333,0.8,1,0.909090909,0,0.476190476,0.222222222,0.925925926,0.558016878,0.308823529,0.25,0,0,0,0,0.211111111,Group Stage,0,0,0,0
11,16/6/2018,Iceland,Argentina,0.166666667,0.06,0.260869565,0.25,0.4,0.1,0.181818182,0,0.238095238,0.777777778,0,0,0.367647059,0.5,0,0,0,1,0.255555556,Group Stage,0,0,0,0
12,16/6/2018,Peru,Denmark,0,0.54,0.652173913,0.5,0.6,0.5,0.272727273,1,0.761904762,0.222222222,0.666666667,0.216244726,0.352941176,0.25,1,0,0,0,0,Group Stage,0,0,0,0
13,16/6/2018,Denmark,Peru,0.166666667,0.46,0.304347826,0.25,0.4,0.2,0.636363636,0.6,0.476190476,0.666666667,0.555555556,0.161392405,0.441176471,0.65,2,0,0,1,0.655555556,Group Stage,0,0,0,0
14,17/6/2018,Croatia,Nigeria,0.333333333,0.58,0.347826087,0.166666667,0.6,0.2,0.545454545,0.4,0.571428571,0.222222222,0.62962963,0.287974684,0.352941176,0.75,2,0,0,1,0.355555556,Group Stage,0,0,0,0
15,17/6/2018,Nigeria,Croatia,0,0.42,0.47826087,0.166666667,0.4,0.7,0.454545455,0.2,0.80952381,0.111111111,0.62962963,0.209915612,0.308823529,0.55,1,0,0,0,0,Group Stage,0,0,1,32
16,17/6/2018,Costa Rica,Serbia,0,0.5,0.304347826,0.25,0.2,0.4,0.454545455,0.2,0.619047619,0.222222222,0.592592593,0.252109705,0.397058824,0.65,2,0,0,0,0,Group Stage,0,0,0,0
17,17/6/2018,Serbia,Costa Rica,0.166666667,0.5,0.304347826,0.25,0.4,0.2,0.363636364,0.6,0.666666667,0.333333333,0.592592593,0.214135021,0.426470588,0.5,2,0,0,1,0.622222222,Group Stage,0,0,0,0
18,17/6/2018,Germany,Mexico,0,0.7,0.956521739,0.75,0.8,0.7,0.727272727,0.2,0.571428571,0.333333333,0.777777778,0.428270042,0.441176471,0.25,2,0,0,1,0,Group Stage,0,0,0,0
19,17/6/2018,Mexico,Germany,0.166666667,0.3,0.391304348,0.333333333,0.5,0.2,0.090909091,0.4,0.285714286,1,0.555555556,0.097046414,0.382352941,0.5,2,0,0,0,0.388888889,Group Stage,0,0,0,0
20,17/6/2018,Brazil,Switzerland,0.166666667,0.54,0.739130435,0.333333333,0.8,0.7,0.636363636,0.2,0.666666667,0.111111111,0.777777778,0.35021097,0.338235294,0.35,1,0,0,1,0.222222222,Group Stage,0,0,0,0
21,17/6/2018,Switzerland,Brazil,0.166666667,0.46,0.130434783,0.166666667,0.3,0,0.181818182,0,0.380952381,0.333333333,0.592592593,0.260548523,0.411764706,0.7,3,0,0,0,0.555555556,Group Stage,0,0,0,0
22,18/6/2018,Sweden,Korea Republic,0.166666667,0.54,0.52173913,0.333333333,0.4,0.6,0.545454545,0.2,0.857142857,0,0.62962963,0.240506329,0.323529412,0.75,1,0,0,1,0.722222222,Group Stage,0,0,0,0
23,18/6/2018,Korea Republic,Sweden,0,0.46,0.086956522,0,0.1,0.3,0.454545455,0,0.761904762,0.333333333,0.444444444,0.170886076,0.338235294,0.9,2,0,0,0,0,Group Stage,0,0,0,0
24,18/6/2018,Belgium,Panama,0.5,0.72,0.52173913,0.5,0.6,0.2,0.818181818,0.2,0.761904762,0.222222222,0.814814815,0.374472574,0.323529412,0.6,3,0,0,1,0.522222222,Group Stage,0,0,0,0
25,18/6/2018,Panama,Belgium,0,0.28,0.130434783,0.166666667,0.3,0,0.272727273,0.6,0.619047619,0.222222222,0.555555556,0.135021097,0.294117647,0.65,5,0,0,0,0,Group Stage,0,0,0,0
26,18/6/2018,Tunisia,England,0.166666667,0.32,0.130434783,0.083333333,0.2,0.2,0.181818182,0.4,0.285714286,0.555555556,0.555555556,0.144514768,0.338235294,0.45,0,0,0,0,0.122222222,Group Stage,0,0,0,0
27,18/6/2018,England,Tunisia,0.333333333,0.68,0.608695652,0.583333333,0.6,0.3,0.636363636,0.6,0.523809524,0,0.888888889,0.319620253,0.367647059,0.15,1,0,0,1,0.388888889,Group Stage,0,0,0,0
28,19/6/2018,Colombia,Japan,0.166666667,0.32,0.217391304,0.25,0,0.4,0.272727273,0.4,0.238095238,0.444444444,0.555555556,0.171940928,0.191176471,0.5,2,0,1,0,0.433333333,Group Stage,0,0,0,0
29,19/6/2018,Japan,Colombia,0.333333333,0.68,0.47826087,0.5,0.4,0.3,0.545454545,0.2,0.571428571,0.222222222,0.740740741,0.396624473,0.308823529,0.2,1,0,0,1,0.066666667,Group Stage,0,0,0,0
30,19/6/2018,Poland,Senegal,0.166666667,0.64,0.304347826,0.333333333,0.4,0.1,0.272727273,0.6,0.619047619,0.111111111,0.777777778,0.382911392,0.441176471,0.15,1,0,0,0,0.411111111,Group Stage,0,0,1,37
31,19/6/2018,Senegal,Poland,0.333333333,0.36,0.217391304,0.166666667,0.3,0.2,0.272727273,0.6,0.285714286,0.333333333,0.518518519,0.146624473,0.397058824,0.5,2,0,0,1,0.666666667,Group Stage,0,0,0,0
32,19/6/2018,Russia,Egypt,0.5,0.44,0.347826087,0.25,0.4,0.3,0.636363636,0,0.238095238,0,0.333333333,0.201476793,0.514705882,0.3,1,0,0,1,0.655555556,Group Stage,0,0,0,0
33,19/6/2018,Egypt,Russia,0.166666667,0.56,0.434782609,0.083333333,0.7,0.4,0.363636364,0,0.285714286,0.111111111,0.518518519,0.262658228,0.441176471,0.25,1,0,0,0,0.522222222,Group Stage,0,0,1,47
34,20/6/2018,Portugal,Morocco,0.166666667,0.44,0.304347826,0.166666667,0.3,0.4,0.454545455,0.2,0.904761905,0.444444444,0.333333333,0.208860759,0.367647059,0.7,1,0,0,1,0.044444444,Group Stage,0,0,0,0
35,20/6/2018,Morocco,Portugal,0,0.56,0.565217391,0.333333333,0.9,0.2,0.636363636,0.2,0.714285714,0.111111111,0.37037037,0.292194093,0.397058824,0.9,1,0,0,0,0,Group Stage,0,0,0,0
36,20/6/2018,Uruguay,Saudi Arabia,0.166666667,0.44,0.434782609,0.333333333,0.5,0.3,0.272727273,0.2,0.476190476,0.333333333,0.777777778,0.35021097,0.308823529,0.25,0,0,0,1,0.255555556,Group Stage,0,0,0,0
37,20/6/2018,Saudi Arabia,Uruguay,0,0.56,0.217391304,0.25,0.2,0.2,0.363636364,0.4,0.285714286,0.333333333,0.703703704,0.422995781,0.294117647,0.4,0,0,0,0,0,Group Stage,0,0,0,0
38,20/6/2018,Iran,Spain,0,0.1,0.086956522,0,0.4,0,0.181818182,0.4,0.476190476,0.222222222,0.074074074,0.03164557,0.382352941,0.45,2,0,0,0,0,Group Stage,0,0,0,0
39,20/6/2018,Spain,Iran,0.166666667,0.9,0.608695652,0.25,0.5,0.8,0.545454545,0.2,0.523809524,0,0.814814815,0.64978903,0.367647059,0.45,0,0,0,1,0.6,Group Stage,0,0,0,0
40,21/6/2018,Denmark,Australia,0.166666667,0.48,0.304347826,0.416666667,0.4,0,0.272727273,0.2,0,0.444444444,0.777777778,0.283755274,0.470588235,0.1,2,0,0,1,0.077777778,Group Stage,0,0,0,0
41,21/6/2018,Australia,Denmark,0.166666667,0.52,0.47826087,0.416666667,0.4,0.4,0.454545455,0,0.142857143,0.555555556,0.666666667,0.349156118,0.5,0,0,0,0,0,0.422222222,Group Stage,0,0,0,0
42,21/6/2018,France,Peru,0.166666667,0.38,0.391304348,0.333333333,0.5,0.2,0.454545455,0,0.523809524,0.222222222,0.37037037,0.227848101,0.338235294,0.3,2,0,0,1,0.377777778,Group Stage,0,0,0,0
43,21/6/2018,Peru,France,0,0.62,0.304347826,0.166666667,0.5,0.2,0.272727273,0.2,0.285714286,0.333333333,0.518518519,0.361814346,0.323529412,0.5,2,0,0,0,0,Group Stage,0,0,0,0
44,21/6/2018,Argentina,Croatia,0,0.66,0.304347826,0.25,0.2,0.4,0.454545455,0.6,1,0.222222222,0.518518519,0.333333333,0.308823529,0.5,3,0,0,0,0,Group Stage,0,0,0,0
45,21/6/2018,Croatia,Argentina,0.5,0.34,0.52173913,0.416666667,0.5,0.4,0.181818182,0.6,0.619047619,0.333333333,0.481481481,0.193037975,0.352941176,0.9,4,0,0,1,0.588888889,Group Stage,0,0,0,0
46,22/6/2018,Brazil,Costa Rica,0.333333333,0.82,0.869565217,0.75,0.8,0.5,0.909090909,0.6,0.428571429,0,0.851851852,0.57278481,0.367647059,0.3,2,0,0,1,1,Group Stage,0,0,0,0
47,22/6/2018,Costa Rica,Brazil,0,0.18,0.043478261,0,0.3,0,0.090909091,0.6,0.428571429,0.777777778,0.222222222,0.08649789,0.426470588,0.3,1,0,0,0,0,Group Stage,0,0,0,0
48,22/6/2018,Nigeria,Iceland,0.333333333,0.66,0.565217391,0.333333333,0.5,0.6,0.545454545,0.2,0.238095238,0.333333333,0.62962963,0.299578059,0.294117647,0.2,1,0,0,1,0.544444444,Group Stage,0,0,0,0
49,22/6/2018,Iceland,Nigeria,0,0.34,0.304347826,0.25,0.5,0.1,0.454545455,0,0.238095238,0.222222222,0.296296296,0.107594937,0.382352941,0.25,0,0,0,0,0,Group Stage,0,0,0,0
50,22/6/2018,Serbia,Switzerland,0.166666667,0.34,0.391304348,0.25,0.6,0.2,0.272727273,0,0.476190476,0.333333333,0.407407407,0.126582278,0.529411765,0.6,4,0,0,0,0.055555556,Group Stage,0,0,0,0
51,22/6/2018,Switzerland,Serbia,0.333333333,0.66,0.739130435,0.416666667,0.7,0.7,0.636363636,0.6,0.571428571,0.222222222,0.740740741,0.377637131,0.470588235,0.35,1,0,0,1,0.577777778,Group Stage,0,0,0,0
52,23/6/2018,Belgium,Tunisia,0.833333333,0.54,0.869565217,1,0.7,0.3,0.454545455,0.6,0.523809524,0.333333333,0.62962963,0.294303797,0.352941176,0.35,0,0,0,1,0.066666667,Group Stage,0,0,0,0
53,23/6/2018,Tunisia,Belgium,0.333333333,0.46,0.52173913,0.416666667,0.5,0.4,0.181818182,0.6,0.476190476,0.666666667,0.555555556,0.303797468,0.323529412,0.4,1,0,0,0,0.2,Group Stage,0,0,0,0
54,23/6/2018,Korea Republic,Mexico,0.166666667,0.32,0.608695652,0.5,0.1,0.9,0.636363636,0,0.095238095,0.333333333,0.555555556,0.165611814,0.279411765,0.95,4,0,0,0,1,Group Stage,0,0,0,0
55,23/6/2018,Mexico,Korea Republic,0.333333333,0.68,0.434782609,0.416666667,0.5,0.2,0.454545455,0,0.904761905,0.555555556,0.814814815,0.312236287,0.25,0.1,0,0,0,1,0.288888889,Group Stage,0,0,0,0
56,23/6/2018,Germany,Sweden,0.333333333,0.92,0.565217391,0.416666667,0.3,0.7,0.727272727,1,0.476190476,0.555555556,0.888888889,0.537974684,0.455882353,0.35,0,1,0,1,0.533333333,Group Stage,0,0,0,0
57,23/6/2018,Sweden,Germany,0.166666667,0.08,0.217391304,0.5,0,0.1,0.272727273,0.4,0.571428571,0.444444444,0.37037037,0.025316456,0.441176471,0.4,2,0,0,0,0.355555556,Group Stage,0,0,0,0
58,24/6/2018,England,Panama,1,0.66,0.391304348,0.583333333,0.2,0.2,0.272727273,0.6,0.380952381,0.111111111,1,0.426160338,0.279411765,0.45,1,0,0,1,0.088888889,Group Stage,0,0,0,0
59,24/6/2018,Panama,England,0.166666667,0.34,0.217391304,0.166666667,0.4,0.1,0.181818182,0,0.571428571,0.111111111,0.777777778,0.220464135,0.132352941,0.4,3,0,0,0,0.866666667,Group Stage,0,0,0,0
60,24/6/2018,Japan,Senegal,0.333333333,0.58,0.173913043,0.25,0.1,0.2,0.181818182,0.4,0.619047619,0.555555556,0.62962963,0.274261603,0.367647059,0.15,2,0,0,0,0.377777778,Group Stage,0,0,0,0
61,24/6/2018,Senegal,Japan,0.333333333,0.42,0.47826087,0.583333333,0.4,0.2,0.454545455,0.8,0.238095238,0.111111111,0.444444444,0.157172996,0.323529412,0.45,3,0,0,1,0.122222222,Group Stage,0,0,0,0
62,24/6/2018,Poland,Colombia,0,0.4,0.260869565,0.166666667,0.2,0.4,0.636363636,0.2,0.285714286,0,0.444444444,0.247890295,0.397058824,0.5,2,0,0,0,0,Group Stage,0,0,0,0
63,24/6/2018,Colombia,Poland,0.5,0.6,0.434782609,0.25,0.4,0.5,0.454545455,0.2,0.523809524,0.222222222,0.555555556,0.342827004,0.411764706,0.25,0,0,0,1,0.444444444,Group Stage,0,0,0,0
64,25/6/2018,Uruguay,Russia,0.5,0.62,0.608695652,0.583333333,0.5,0.4,0.363636364,0,0.714285714,0.111111111,0.777777778,0.319620253,0.308823529,0.6,1,0,0,1,0.111111111,Group Stage,0,0,0,0
65,25/6/2018,Russia,Uruguay,0,0.38,0,0.083333333,0,0.1,0.181818182,0.4,0.571428571,0.555555556,0.592592593,0.175105485,0.264705882,0.65,1,1,0,0,0,Group Stage,0,0,1,23
66,25/6/2018,Saudi Arabia,Egypt,0.333333333,0.72,0.826086957,0.583333333,0.9,0.5,0.636363636,0.2,0.666666667,0,0.851851852,0.491561181,0.308823529,0.1,0,0,0,0,0.5,Group Stage,0,0,0,0
67,25/6/2018,Egypt,Saudi Arabia,0.166666667,0.28,0.217391304,0.083333333,0.5,0.1,0.181818182,0.6,0.142857143,0.555555556,0.555555556,0.17721519,0.382352941,0.55,2,0,0,1,0.244444444,Group Stage,0,0,0,0
68,25/6/2018,Spain,Morocco,0.333333333,0.86,0.565217391,0.333333333,1,0.1,0.636363636,0.2,0.619047619,0.111111111,0.888888889,0.60443038,0.338235294,0,0,0,0,1,0.211111111,Group Stage,0,0,0,0
69,25/6/2018,Morocco,Spain,0.333333333,0.14,0.130434783,0.25,0.1,0.1,0.090909091,0.2,0.047619048,0.111111111,0.62962963,0.061181435,0.455882353,0.6,6,0,0,0,0.155555556,Group Stage,0,0,0,0
70,25/6/2018,Iran,Portugal,0.166666667,0.14,0.217391304,0.166666667,0.4,0.1,0.090909091,0.2,0.333333333,0.333333333,0.074074074,0.039029536,0.191176471,0.55,2,0,0,0,1,Group Stage,0,0,0,0
71,25/6/2018,Portugal,Iran,0.166666667,0.86,0.47826087,0.333333333,0.6,0.3,0.454545455,0.2,0.571428571,0.111111111,0.814814815,0.453586498,0.132352941,0.3,4,0,0,1,0.5,Group Stage,0,0,0,0
72,26/6/2018,Denmark,France,0,0.26,0.086956522,0.083333333,0.1,0.2,0.363636364,0.2,0.285714286,0.444444444,0.185185185,0.122362869,0.382352941,0.25,1,0,0,0,0,Group Stage,0,0,0,0
73,26/6/2018,France,Denmark,0,0.74,0.347826087,0.333333333,0.5,0.1,0.181818182,0.2,0.285714286,0.111111111,0.740740741,0.506329114,0.352941176,0.25,0,0,0,1,0,Group Stage,0,0,0,0
74,26/6/2018,Australia,Peru,0,0.56,0.47826087,0.166666667,0.6,0.5,0.727272727,0.6,0.380952381,0.111111111,0.703703704,0.386075949,0.367647059,0.4,4,0,0,0,0,Group Stage,0,0,0,0
75,26/6/2018,Peru,Australia,0.333333333,0.44,0.043478261,0.25,0,0,0.272727273,0.2,0.523809524,0.222222222,0.518518519,0.241561181,0.294117647,0.35,2,0,0,1,0.2,Group Stage,0,0,0,0
76,26/6/2018,Nigeria,Argentina,0.166666667,0.18,0.260869565,0.25,0.4,0.1,0.272727273,0,0.571428571,0.222222222,0.333333333,0.058016878,0.264705882,0.75,2,0,0,0,0.566666667,Group Stage,0,0,0,0
77,26/6/2018,Argentina,Nigeria,0.333333333,0.82,0.217391304,0.333333333,0.2,0.1,0.454545455,0.4,0.714285714,0.222222222,0.62962963,0.396624473,0.308823529,0.5,3,0,0,1,0.155555556,Group Stage,0,0,0,0
78,26/6/2018,Iceland,Croatia,0.166666667,0.32,0.608695652,0.5,0.7,0.3,0.909090909,0.2,0.333333333,0,0.222222222,0.142405063,0.338235294,0.25,3,0,0,1,0.844444444,Group Stage,0,0,0,0
79,26/6/2018,Croatia,Iceland,0.333333333,0.68,0.434782609,0.166666667,0.7,0.3,0.454545455,0,0.285714286,0.555555556,0.740740741,0.353375527,0.308823529,0.35,2,0,0,0,0.588888889,Group Stage,0,0,0,0
80,27/6/2018,Korea Republic,Germany,0.333333333,0.1,0.347826087,0.416666667,0.4,0.1,0.272727273,0,0.142857143,0.777777778,0.259259259,0.050632911,0.558823529,0.55,4,0,0,1,1,Group Stage,0,0,0,0
81,27/6/2018,Germany,Korea Republic,0,0.9,1,0.5,1,0.9,0.818181818,0.2,0.523809524,0.333333333,0.777777778,0.55907173,0.514705882,0.1,0,0,0,0,0,Group Stage,0,0,0,0
82,27/6/2018,Mexico,Sweden,0,0.8,0.695652174,0.25,0.7,0.8,0.636363636,0.4,0.285714286,0.333333333,0.592592593,0.314345992,0.220588235,0.45,3,0,0,0,0,Group Stage,0,0,1,74
83,27/6/2018,Sweden,Mexico,0.5,0.2,0.434782609,0.416666667,0.6,0.1,0.272727273,0,0.523809524,0.333333333,0,0.024261603,0.323529412,0.3,2,0,0,1,0.555555556,Group Stage,0,0,0,0
84,27/6/2018,Serbia,Brazil,0,0.38,0.304347826,0.083333333,0.4,0.4,0.454545455,0.4,0.285714286,0.444444444,0.407407407,0.293248945,0.5,0.4,3,0,0,0,0,Group Stage,0,0,0,0
85,27/6/2018,Brazil,Serbia,0.333333333,0.62,0.434782609,0.5,0.2,0.4,0.818181818,0.8,0.476190476,0.111111111,0.777777778,0.466244726,0.367647059,0.1,0,0,0,1,0.4,Group Stage,0,0,0,0
86,27/6/2018,Switzerland,Costa Rica,0.333333333,0.7,0.391304348,0.25,0.4,0.4,0.545454545,0.2,0.476190476,0.555555556,0.740740741,0.42721519,0.338235294,0.2,3,0,0,1,0.344444444,Group Stage,0,0,1,90
87,27/6/2018,Costa Rica,Switzerland,0.333333333,0.3,0.47826087,0.5,0.5,0.2,0.454545455,0.2,0.238095238,0.111111111,0.555555556,0.167721519,0.338235294,0.45,3,0,0,0,0.622222222,Group Stage,0,0,0,0
88,28/6/2018,Japan,Poland,0,0.58,0.304347826,0.25,0.3,0.3,0.454545455,0.2,0.142857143,0.222222222,0.703703704,0.388185654,0.044117647,0.3,1,0,0,0,0,Group Stage,0,0,0,0
89,28/6/2018,Poland,Japan,0.166666667,0.42,0.347826087,0.166666667,0.4,0.4,0.636363636,0,0.333333333,0.333333333,0.592592593,0.287974684,0,0.15,0,0,0,1,0.655555556,Group Stage,0,0,0,0
90,28/6/2018,Senegal,Colombia,0,0.36,0.217391304,0.25,0.3,0.1,0.090909091,0.6,0.619047619,0.111111111,0.407407407,0.097046414,0.25,0.5,1,0,0,0,0,Group Stage,0,0,0,0
91,28/6/2018,Colombia,Senegal,0.166666667,0.64,0.043478261,0.166666667,0,0.1,0.272727273,0.6,0.619047619,0.333333333,0.592592593,0.255274262,0.294117647,0.5,1,0,0,1,0.822222222,Group Stage,0,0,0,0
92,28/6/2018,Panama,Tunisia,0.166666667,0.22,0.260869565,0.333333333,0.3,0.1,0,0.8,0.714285714,0.555555556,0.37037037,0.10021097,0.323529412,0.65,3,0,0,0,0.366666667,Group Stage,0,0,0,0
93,28/6/2018,Tunisia,Panama,0.333333333,0.78,0.52173913,0.583333333,0.3,0.4,0.545454545,0.2,0.80952381,0.444444444,0.740740741,0.460970464,0.397058824,0.7,3,0,0,1,0.566666667,Group Stage,0,0,1,33
94,28/6/2018,England,Belgium,0,0.46,0.434782609,0.083333333,0.6,0.5,0.636363636,0.6,0.476190476,0.333333333,0.777777778,0.311181435,0.426470588,0.3,0,0,0,0,0,Group Stage,0,0,0,0
95,28/6/2018,Belgium,England,0.166666667,0.54,0.52173913,0.333333333,0.3,0.7,0.181818182,0.2,0.428571429,0.111111111,0.777777778,0.387130802,0.382352941,0.45,2,0,0,1,0.566666667,Group Stage,0,0,0,0
96,30/6/2018,France,Argentina,0.666666667,0.32,0.260869565,0.333333333,0.3,0.1,0,0,0.523809524,0.111111111,0.62962963,0.170886076,0.25,0.8,3,0,0,1,0.144444444,Round of 16,0,0,0,0
97,30/6/2018,Argentina,France,0.5,0.68,0.260869565,0.333333333,0,0.4,0.363636364,0.2,0.761904762,0,0.703703704,0.377637131,0.235294118,0.5,5,0,0,0,0.455555556,Round of 16,0,0,0,0
98,30/6/2018,Uruguay,Portugal,0.333333333,0.28,0.130434783,0.25,0.1,0.1,0.181818182,0,0.428571429,0.444444444,0.074074074,0.084388186,0.382352941,0.4,0,0,0,1,0.077777778,Round of 16,0,0,0,0
99,30/6/2018,Portugal,Uruguay,0.166666667,0.72,0.739130435,0.416666667,0,0.8,0.909090909,0.2,0.380952381,0.111111111,0.62962963,0.415611814,0.397058824,0.4,1,0,0,0,0.611111111,Round of 16,0,0,0,0
100,1/7/2018,Spain,Russia,0.166666667,1,0.956521739,0.75,0.5,1,0.545454545,0.2,0.714285714,0,0.888888889,1,0.838235294,0,1,0,0,0,0.133333333,Round of 16,1,3,0,0
101,1/7/2018,Russia,Spain,0.166666667,0,0.130434783,0.083333333,0.2,0.2,0.454545455,0.2,0.047619048,1,0.185185185,0.10021097,0.970588235,0.7,2,0,0,1,0.455555556,Round of 16,1,4,1,12
102,1/7/2018,Croatia,Denmark,0.166666667,0.58,0.826086957,0.583333333,0.7,0.7,0.454545455,0.4,0.666666667,0.222222222,0.518518519,0.460970464,0.764705882,0,0,0,0,1,0.044444444,Round of 16,1,3,0,0
103,1/7/2018,Denmark,Croatia,0.166666667,0.42,0.52173913,0.25,0.9,0.2,0.363636364,0,0.095238095,0.777777778,0.444444444,0.369198312,0.808823529,0.7,1,0,0,0,0.011111111,Round of 16,1,2,0,0
104,2/7/2018,Brazil,Mexico,0.333333333,0.44,0.782608696,0.833333333,0.6,0.4,0.727272727,0,0.714285714,0.111111111,0.592592593,0.220464135,0.176470588,0.05,2,0,0,1,0.566666667,Round of 16,0,0,0,0
105,2/7/2018,Mexico,Brazil,0,0.56,0.434782609,0.083333333,0.3,0.8,0.636363636,0.4,0.047619048,0.888888889,0.666666667,0.247890295,0.132352941,0.65,4,0,0,0,0,Round of 16,0,0,0,0
106,2/7/2018,Belgium,Japan,0.5,0.62,0.913043478,0.666666667,0.9,0.6,0.909090909,0.2,0.238095238,0.333333333,0.740740741,0.455696203,0.411764706,0.4,0,0,0,1,0.766666667,Round of 16,0,0,0,0
107,2/7/2018,Japan,Belgium,0.333333333,0.38,0.347826087,0.333333333,0.3,0.3,0.545454545,0.2,0.428571429,0.555555556,0.592592593,0.278481013,0.426470588,0.2,1,0,0,0,0.533333333,Round of 16,0,0,0,0
108,3/7/2018,Sweden,Switzerland,0.166666667,0.24,0.391304348,0.25,0.5,0.3,0.272727273,0.2,0.380952381,0.444444444,0.222222222,0.08649789,0.367647059,0.3,1,0,0,1,0.733333333,Round of 16,0,0,0,0
109,3/7/2018,Switzerland,Sweden,0,0.76,0.652173913,0.333333333,0.4,0.9,1,0,0.333333333,0.222222222,0.62962963,0.432489451,0.338235294,0.4,2,0,1,0,0,Round of 16,0,0,0,0
110,3/7/2018,Colombia,England,0.166666667,0.46,0.47826087,0.333333333,0.6,0.3,0.181818182,0.2,0.476190476,0.111111111,0.407407407,0.344936709,0.823529412,0.9,6,0,0,0,1,Round of 16,1,3,0,0
111,3/7/2018,England,Colombia,0.166666667,0.52,0.565217391,0.166666667,0.8,0.5,0.636363636,0.4,0.904761905,0.333333333,0.555555556,0.402953586,0.926470588,0.4,2,0,0,1,0.633333333,Round of 16,1,4,0,0
112,6/7/2018,Uruguay,France,0,0.34,0.347826087,0.333333333,0.5,0.1,0.363636364,0,0.476190476,0,0,0.140295359,0.338235294,0.6,2,0,0,0,0,Quarter Finals,0,0,0,0
113,6/7/2018,France,Uruguay,0.333333333,0.66,0.347826087,0.166666667,0.6,0.2,0.272727273,0,0.571428571,0.444444444,0.518518519,0.353375527,0.279411765,0.5,2,0,0,1,0.444444444,Quarter Finals,0,0,0,0
114,6/7/2018,Brazil,Belgium,0.166666667,0.64,1,0.75,0.6,1,0.727272727,0.2,0.523809524,0.222222222,0.814814815,0.388185654,0.352941176,0.45,2,0,0,0,0,Quarter Finals,0,0,1,13
115,6/7/2018,Belgium,Brazil,0.333333333,0.36,0.217391304,0.25,0.2,0.2,0.363636364,0,0.476190476,1,0.592592593,0.19092827,0.367647059,0.55,2,0,0,1,0.144444444,Quarter Finals,0,0,0,0
116,7/7/2018,Sweden,England,0,0.36,0.173913043,0.25,0.2,0.1,0.090909091,0.4,0.142857143,0,0.259259259,0.200421941,0.397058824,0.25,2,0,0,0,0,Quarter Finals,0,0,0,0
117,7/7/2018,England,Sweden,0.333333333,0.64,0.391304348,0.166666667,0.3,0.6,0.545454545,0.2,0.333333333,0.333333333,0.481481481,0.35443038,0.441176471,0.1,1,0,0,1,0.333333333,Quarter Finals,0,0,0,0
118,7/7/2018,Russia,Croatia,0.333333333,0.26,0.434782609,0.583333333,0.3,0.2,0.545454545,0.2,0.619047619,0.111111111,0.074074074,0.221518987,1,1,1,0,0,0,0.344444444,Quarter Finals,1,3,0,0
119,7/7/2018,Croatia,Russia,0.333333333,0.74,0.608695652,0.25,0.9,0.4,0.727272727,0,1,0.555555556,0.555555556,0.594936709,0.867647059,0.65,4,0,0,1,0.433333333,Quarter Finals,1,4,0,0
120,10/7/2018,France,Belgium,0.166666667,0.3,0.695652174,0.416666667,0.7,0.6,0.363636364,0.2,0.571428571,0.333333333,0.703703704,0.161392405,0.323529412,0.05,2,0,0,1,0.566666667,Semi- Finals,0,0,0,0
121,10/7/2018,Belgium,France,0,0.7,0.260869565,0.25,0.4,0.1,0.454545455,0.2,0.095238095,0.444444444,0.851851852,0.464135021,0.323529412,0.55,3,0,0,0,0,Semi- Finals,0,0,0,0
122,11/7/2018,Croatia,England,0.333333333,0.58,0.826086957,0.583333333,1,0.4,0.727272727,0.2,0.571428571,0,0.444444444,0.456751055,0.926470588,0.9,2,0,0,1,0.755555556,Semi- Finals,0,0,0,0
123,11/7/2018,England,Croatia,0.166666667,0.42,0.347826087,0.083333333,0.5,0.4,0.363636364,0.6,0.904761905,0.555555556,0.444444444,0.305907173,1,0.45,1,0,0,0,0.055555556,Semi- Finals,0,0,0,0
124,14/7/2018,Belgium,England,0.333333333,0.36,0.391304348,0.333333333,0.2,0.5,0.363636364,0.2,0,0.555555556,0.777777778,0.338607595,0.411764706,0.3,1,0,0,1,0.044444444,3rd Place,0,0,0,0
125,14/7/2018,England,Belgium,0,0.64,0.52173913,0.416666667,0.6,0.3,0.454545455,0,0.333333333,0.222222222,0.925925926,0.536919831,0.441176471,0,2,0,0,0,0,3rd Place,0,0,0,0
126,15/7/2018,France,Croatia,0.666666667,0.28,0.217391304,0.5,0,0.1,0.181818182,0.2,0.428571429,0.111111111,0.296296296,0.08649789,0.279411765,0.45,2,0,0,1,0.2,Final,0,0,1,18
127,15/7/2018,Croatia,France,0.333333333,0.72,0.52173913,0.25,0.7,0.4,0.545454545,0.2,0.476190476,0.333333333,0.592592593,0.377637131,0.294117647,0.4,1,0,0,0,0.311111111,Final,0,0,0,0
